97bd6e163f711cd68a9ab839f45fc5a14fa64d4008862b07a94f2832d765e8fd;gallery.html
756ec5969bd78ffa9f944bb50435011bf4f45bf9b8c3bb24be947a6890450856;index.css
8d2d2b96430e550ad04fba7eef9ae36d62b10021e126b85c69c103899b8649de;index.js
aa5006f12bf855428efa6acee55c51cd965c71af51626a0e0e3f1bf3c5ca3925;items.js
96a4138d71012753a424c0fb6ff6b5e211c513d0e6075651a54bfac2417cef9a;add.js
f4b9f6db78f992862ebbfa839618879b7ddc2f2147280aaade6baf609560c50f;gallery.css
0c2d4fd0ff62919f6e6de6da23af0d3feae626aec99c93646956e9375740d279;gallery.js
f1f21fe7e8f8dbec9a900cf895c1260789a5c0bbfba1f841d6968baca68a4958;rating.json
0e4ab1f67ebb559d1365da7adac194a125a316d7826f955ea5125209f4131d19;order.html
e6f3dbd66cc0e6476d48e34d2fe257b00983ca5feaf47e23c4109423920af567;receipt.html
